45.0,83,27.2,50,97.4,89,91,43.0,58,0.8308549523353577,1,DictionaryService,http://www.mindswap.org/2002/services/Dictionary.wsdl
71.75,100,14.6,88,85.5,78,80,64.42,86,0.8229799270629883,1,MyService,http://mydispatch.com/myservice.asmx?wsdl
117.0,100,23.4,83,88.0,100,87,111.0,59,0.9123611450195312,1,aba,http://www.quentinsagerconsulting.com/wsdl/aba.wsdl
70.0,100,5.4,83,79.3,100,75,63.0,91,0.8693479299545288,1,AlexaWebSearch,http://wsearch.amazonaws.com/doc/2007-03-15/WebSearch.wsdl
105.2,100,18.2,80,92.2,78,84,104.6,91,0.8416382074356079,1,ErrorMailer,http://www.errormail.net/EM/ErrorMailer.asmx?wsdl
224.0,100,24.6,83,80.0,100,87,223.0,88,0.9372476935386658,1,getJoke,http://www.interpressfact.net/webservices/getJoke.asmx?wsdl
99.2,100,13.7,80,76.3,78,83,62.4,89,0.805587887763977,1,States_x0020__x0026__x0020_Provinces,http://www.synapticdigital.com/webservice/public/regions.asmx?wsdl
108.2,100,16.8,80,90.7,78,77,108.0,94,0.8378594517707825,1,XigniteRetirement,http://www.xignite.com/xRetirement.asmx?wsdl
125.2,100,16.4,80,89.2,78,84,125.0,93,0.8335157632827759,1,DOTSEmailValidate,http://ws2.serviceobjects.net/ev/EmailValidate.asmx?wsdl
110.3,100,13.9,87,87.5,78,77,110.3,93,0.8285466432571411,1,XigniteNews,http://www.xignite.com/xNews.asmx?wsdl
125.2,100,15.9,80,88.3,78,80,125.0,97,0.8348312973976135,1,DOTSFastTax,http://ws2.serviceobjects.net/ft/FastTax.asmx?wsdl
105.4,100,16.5,80,89.4,78,72,105.4,91,0.8322234153747559,1,XigniteCompensation,http://www.xignite.com/xcompensation.asmx?wsdl
129.0,100,29.5,83,95.5,100,84,111.0,11,0.8932760953903198,1,ConvertCSharp2VBService,http://www.kamalpatel.net/ConvertCSharp2VBService.asmx?wsdl
124.92,100,11.9,89,84.1,78,82,124.38,96,0.82207852602005,1,DOTSPackageTracking,http://ws2.serviceobjects.net/pt/PackTrack.asmx?wsdl
114.0,100,27.5,50,92.5,78,84,108.0,64,0.8224795460700989,1,ssn,http://www.quentinsagerconsulting.com/wsdl/ssn.wsdl
125.44,100,13.5,86,86.4,78,80,125.33,91,0.8227465748786926,1,FastWeather,http://trial.serviceobjects.com/fw/FastWeather.asmx?wsdl
136.07,100,13.5,95,82.3,100,74,110.93,67,0.8877555131912231,1,SchemaWeb,http://www.schemaweb.info/webservices/soap/SchemaWebSoap.asmx?wsdl
132.0,100,15.1,78,85.5,78,84,131.5,89,0.8186479806900024,1,DOTSValidateCanada,http://ws2.serviceobjects.net/avca/ValidateCanada.asmx?wsdl
122.0,100,15.4,80,82.5,78,77,122.0,90,0.81938236951828,1,XigniteOFAC,http://www.xignite.com/xofac.asmx?wsdl
129.67,100,13.2,86,84.1,78,80,129.56,90,0.8180344104766846,1,DOTSFastWeather,http://ws2.serviceobjects.net/fw/FastWeather.asmx?wsdl
96.0,100,22.0,78,94.1,78,72,68.75,33,0.7959579229354858,2,StockServices,http://glkev.webs.innerhost.com/glkev_ws/StockServices.asmx?wsdl
109.09,100,8.7,88,85.4,78,77,109.0,89,0.8035186529159546,1,XigniteWatchLists,http://www.xignite.com/xwatchlists.asmx?wsdl
77.86,100,7.3,83,87.6,89,75,77.43,58,0.8076870441436768,1,AnagramImpl,http://www.claudehussenet.com/ws/services/Anagram.wsdl
165.0,100,29.1,83,94.0,100,84,165.0,8,0.8865931034088135,1,SignatureVerification,http://www.securexml.net/SecureXML/SecureXML.wsdl
50.0,100,2.0,81,77.1,78,58,38.0,41,0.7139608860015869,2,SkyPortal,http://www.us-vo.org/summer-school/2005/proceedings/nvoss2005/java/dev/skyportalclient/SkyPortal.wsdl
75.0,100,15.0,71,82.2,89,77,74.5,41,0.8025002479553223,1,sitePlanService,http://myford.fordvehicles.com/servlet/Xcelerate/wsdl/SitePlan.wsdl
159.0,100,26.8,67,87.2,89,72,151.0,57,0.8644647002220154,1,sekeywordService,http://www.aspiringgeek.com/cfc/keyword/sekeyword.cfc?wsdl
126.2,100,12.3,80,78.7,78,80,125.8,86,0.799436628818512,2,DOTSGeoPhone,http://ws2.serviceobjects.net/gp/GeoPhone.asmx?wsdl
125.75,100,12.4,78,75.9,78,80,125.5,90,0.7991922497749329,2,DOTSGeoCash,http://ws2.serviceobjects.net/gc/GeoCash.asmx?wsdl
111.0,83,26.9,50,97.1,89,91,109.0,35,0.8047817349433899,1,TestConfigService,http://www.chidera.net/csPublic/CS/myFamily/ws/TestConfig.wsdl
175.0,100,11.3,83,62.8,100,87,174.0,89,0.8702852725982666,1,promotionService,http://interpressfact.net/webservices/promotionService.asmx?wsdl
130.0,83,23.6,50,91.6,89,91,126.0,60,0.8123008012771606,1,XEMBLService,http://www.ebi.ac.uk/xembl/XEMBL.wsdl
327.5,100,16.4,86,64.9,100,80,300.5,93,0.8969849348068237,1,GMChart,http://service.graphmagic.com/GMService/GraphMagic.asmx?wsdl
145.62,100,11.9,85,74.6,78,84,145.12,88,0.7997094988822937,2,SmartPayments,http://www.tpisoft.com/smartpayments/transact.asmx?wsdl
126.77,100,3.2,86,81.8,78,80,119.44,95,0.7833774089813232,2,DOTSAddressValidate,http://ws2.serviceobjects.net/av/AddressValidate.asmx?wsdl
132.12,100,11.2,93,79.0,100,80,98.56,39,0.844719409942627,1,Bible,http://bible.sumerano.com/bible.asmx?wsdl
75.0,86,20.5,71,87.0,89,84,74.0,6,0.7641762495040894,2,RegistrationService,http://www.genesiscentre.org/RegistrationService.asmx?wsdl
135.0,100,22.7,83,84.9,100,84,134.0,9,0.854082465171814,1,AMSLiveAuction,http://www.derschmuckkanal.de/AMSLiveAuction.asmx?wsdl
180.0,100,27.3,83,82.9,100,84,180.0,9,0.8686572909355164,1,SendToAFriendService,http://www.freightlinertrucks.com/SendToAFriendService.asmx?wsdl
166.11,100,10.3,86,75.7,78,80,158.89,90,0.7976917028427124,2,DictService,http://services.aonaware.com/DictService/DictService.asmx?wsdl
159.0,98,26.3,67,94.6,100,84,158.0,10,0.8610514402389526,1,CodeGenerator,http://www.esynaps.com/webservices/codegenerator.asmx?wsdl
150.45,100,7.4,96,82.1,100,82,100.36,37,0.8342782855033875,1,Phone,http://ws.acrosscommunications.com/Phone.asmx?wsdl
138.13,100,5.8,90,80.3,78,69,135.94,83,0.7823166847229004,2,InterFax,http://ws.interfax.net/dfs.asmx?wsdl
238.0,100,18.3,83,70.8,100,87,238.0,41,0.8545514941215515,1,CodeGenerator,http://www.qas-keylessaccess.com/QAS/qas.wsdl
169.33,100,10.7,86,66.1,78,66,132.33,92,0.7908881306648254,2,ZipCodes,http://www.codebump.com/services/zipcodelookup.asmx?wsdl
134.0,100,1.3,75,80.0,78,84,132.67,93,0.7625648975372314,2,DOTSGeoCoderCanada,http://trial.serviceobjects.com/gcc/GeoCoderCanada.asmx?wsdl
136.5,100,2.1,71,80.3,78,84,136.5,95,0.7644599676132202,2,DOTSGeoPinPoint,http://trial.serviceobjects.com/gpp/GeoPinpoint.asmx?wsdl
77.5,86,17.8,71,85.6,89,80,73.5,1,0.7473263144493103,2,cfgrtr_keyword,http://www.corsairmemory.com/cfgrtr_keyword.asmx?wsdl
158.17,100,10.9,82,73.9,78,62,126.67,86,0.7904978394508362,2,HolidayService,http://www.holidaywebservice.com/Holidays/HolidayService.asmx?wsdl
119.0,83,15.3,50,85.4,89,84,103.0,60,0.7746464014053345,2,UPCLookupService,http://www.flash-db.com/services/ws/upcLookup.wsdl
122.12,100,13.5,85,83.5,78,77,122.0,40,0.7656264901161194,2,XigniteSurvey,http://www.xignite.com/xSurvey.asmx?wsdl
1442.0,100,10.3,83,71.1,100,84,1359.0,91,0.8651849627494812,1,CpuStatusService,http://soapam.nuwave-tech.com/services/cpustatus/cpustatus.wsdl
225.36,100,10.9,88,62.6,78,77,225.36,93,0.7899072170257568,2,XigniteStockQuotes,http://lsdis.cs.uga.edu/projects/meteor-s/downloads/mwsaf/wsdl/Stock/xQuotes.wsdl
197.0,83,23.2,50,81.0,89,89,194.0,60,0.7985782027244568,2,SOAP,http://www.progem.bg/BGTrans/services.wsdl
113.5,79,2.1,56,72.5,78,84,48.75,88,0.6945799589157104,3,IP2Geo,http://ws.cdyne.com/ip2geo/ip2geo.asmx?wsdl
164.0,100,2.4,75,70.0,89,84,125.33,89,0.7947849035263062,2,eyeVeri,http://www.tilisoft.com/ws/eyeVeri/eyeVeri.asmx?wsdl
479.0,83,18.1,50,79.2,89,91,354.0,94,0.810545027256012,1,geniatagger,http://nactem.ac.uk/software/geniatagger/webservice/geniatagger.wsdl
167.67,100,3.6,75,65.9,78,84,116.67,97,0.7598156332969666,2,CaptchaService,http://www.textdisguise.com/TextDisguise/CaptchaService/CaptchaService.asmx?wsdl
134.34,100,1.1,75,82.1,78,80,133.67,89,0.7599316835403442,2,DOTSFraudProtectionLite,http://trial.serviceobjects.com/fpl/FraudProtectionLite.asmx?wsdl
136.88,62,8.2,46,69.1,78,80,43.88,97,0.6806394457817078,3,EmailVerNoTestEmail,http://ws.cdyne.com/emailverify/Emailvernotestemail.asmx?wsdl
167.6,100,10.9,80,62.9,78,62,145.8,96,0.78706294298172,2,GBSCTHolidayService,http://www.holidaywebservice.com/Holidays/GBSCT/GBSCTHolidayService.asmx?wsdl
133.5,100,1.5,71,78.1,78,84,133.0,89,0.7536004781723022,2,DOTSNameWizard,http://ws2.serviceobjects.net/nw/namewizard.asmx?wsdl
125.5,100,1.7,71,67.6,78,80,111.0,96,0.750333309173584,2,CountCheatService,http://services.aonaware.com/CountCheatService/CountCheatService.asmx?wsdl
171.6,100,11.4,80,62.1,78,62,149.4,94,0.7859400510787964,2,GBNIRHolidayService,http://www.holidaywebservice.com/Holidays/GBNIR/GBNIRHolidayService.asmx?wsdl
65.28,64,11.3,53,87.8,78,80,62.07,40,0.6636746525764465,3,LegfindWS,http://www.legfind.com/LegfindWS.asmx?wsdl
117.27,100,6.0,93,85.5,78,82,116.82,36,0.7425838708877563,2,Service1,http://www.davecooperprogramming.net/service1.asmx?wsdl
164.5,72,9.3,57,74.4,100,84,152.5,92,0.8007512092590332,1,LetterSoup,http://regomnet.de/lettersoup.asmx?wsdl
113.8,100,5.2,90,81.0,100,84,83.8,11,0.7928457260131836,2,SMS,http://ws.acrosscommunications.com/SMS.asmx?wsdl
163.8,100,11.1,80,62.1,78,62,143.2,90,0.7807238698005676,2,USHolidayService,http://www.holidaywebservice.com/Holidays/US/USHolidayService.asmx?wsdl
129.34,56,5.1,48,74.5,78,77,37.69,89,0.6565396785736084,3,AddressLookup,http://ws.cdyne.com/psaddress/addresslookup.asmx?wsdl
168.0,100,10.9,80,63.7,78,62,145.0,89,0.7806429862976074,2,GBEAWHolidayService,http://www.holidaywebservice.com/Holidays/GBEAW/GBEAWHolidayService.asmx?wsdl
144.0,100,24.7,57,90.2,78,93,143.5,3,0.7517210245132446,2,eUtilsService,http://www.ncbi.nih.gov/entrez/eutils/soap/efetch_lit.wsdl
141.5,100,0.9,71,77.8,78,80,140.5,92,0.7540749907493591,2,DOTSAddressPlus,http://ws2.serviceobjects.net/ap/AddressPlus.asmx?wsdl
118.5,100,0.7,71,70.2,78,80,118.5,90,0.7431928515434265,2,DOTSPhoneAppend,http://ws2.serviceobjects.net/pa/phoneappend.asmx?wsdl
179.46,100,9.3,88,56.7,78,66,132.82,88,0.7729151844978333,2,GeoPlaces,http://www.codebump.com/services/placelookup.asmx?wsdl
104.0,86,18.7,71,85.6,89,80,102.5,9,0.758750855922699,2,CityLocations,http://asyncpostback.com/CityLocations.asmx?wsdl
87.48,61,1.9,51,95.5,78,82,86.4,93,0.6841999292373657,3,AmazonBox,http://www.xmlme.com/WSAmazonBox.asmx?wsdl
168.17,91,4.3,83,76.9,78,74,131.0,87,0.7531118392944336,2,XigniteCalendar,http://xignite14.xignite.com/xcalendar.asmx?wsdl
158.0,100,2.2,71,75.7,78,84,157.5,89,0.7533581256866455,2,DOTSGeoPinPoint,http://trial.serviceobjects.com/gpp/GeoPinPoint.asmx?wsdl
267.37,100,8.1,95,70.0,100,72,245.56,60,0.8455250263214111,1,TerraService,http://terraservice.net/TerraService.asmx?wsdl
401.0,100,9.0,83,66.3,78,77,266.71,95,0.7832735776901245,2,XigniteSimulation,http://www.xignite.com/xsimulation.asmx?wsdl
102.0,100,9.5,67,78.5,78,84,102.0,39,0.7287225723266602,2,BEP,http://www.webservicex.net/bep.asmx?wsdl
156.0,100,0.1,90,60.0,78,74,93.0,87,0.7430807948112488,2,XigniteFutures,http://www.xignite.com/xFutures.asmx?wsdl
266.89,100,2.8,95,58.7,78,82,128.61,87,0.7552655339241028,2,GBSCTHolidayDates,http://www.holidaywebservice.com/Holidays/GBSCT/Dates/GBSCTHolidayDates.asmx?wsdl
317.0,100,8.2,83,59.4,78,84,261.29,92,0.7702049612998962,2,CreditCardValidator,http://www.tpisoft.com/smartpayments/validate.asmx?wsdl
129.0,100,17.6,67,81.3,89,87,115.0,6,0.770814836025238,2,HoroscopeService,http://groups.sims.berkeley.edu/usable-accessibility/CLASS_GODZODIACK/Godzodiack.wsdl
120.0,100,3.6,91,82.7,100,84,94.17,10,0.7884615659713745,2,Fax,http://ws.acrosscommunications.com/Fax.asmx?wsdl
102.0,83,26.8,33,96.6,78,86,98.0,7,0.7166783809661865,2,InteractionService,http://www.projectliberty.org/liberty/content/download/1539/10648/file/liberty-idwsf-interaction-svc-v1.0.wsdl
70.0,84,7.7,50,77.3,78,87,68.0,37,0.6725167036056519,3,orderBooks,http://dpsearch.onesbase.org/all/Unsorted/bookcode/ch12/booksourceUI/Web%20References/WebReference1/orderBooks.wsdl
433.5,86,10.2,71,56.1,89,84,143.0,95,0.7821074724197388,2,LocalTime,http://www.ripedev.com/webservices/LocalTime.asmx?wsdl
118.0,83,21.3,33,86.6,78,89,112.0,41,0.7204692959785461,2,ReceiveExternalNotificationService,http://www.caiso.com/1c18/1c18dea52cf30.wsdl
130.5,91,0.7,67,72.7,78,78,114.0,93,0.7277102470397949,2,Notas,http://www22.brinkster.com/horaciovallejo/netpress1.asmx?wsdl
211.0,100,12.4,67,57.9,89,65,210.0,88,0.8104121685028076,1,adSearch,http://www.interpressfact.net/webservices/getAds.asmx?wsdl
92.5,100,2.3,71,78.0,78,80,61.5,31,0.6965906620025635,3,UPSTracking,http://glkev.webs.innerhost.com/glkev_ws/UPSTracking.asmx?wsdl
256.5,86,9.2,71,64.0,89,77,148.0,87,0.779772162437439,2,Cryptarithm,http://www.quisque.com/fr/chasses/crypto/crypta.asmx?wsdl
463.0,100,11.6,67,69.9,78,84,421.0,88,0.7747629880905151,2,ICD9Drug,http://www.webservicex.com/icd9drug.asmx?wsdl
187.0,100,17.6,83,67.3,100,84,186.0,8,0.8142626285552979,1,SendToAFriendCascadiaService,http://www.freightlinertrucks.com/SendToAFriendCascadiaService.asmx?wsdl
163.5,100,8.4,86,62.8,100,80,162.5,38,0.8090345859527588,1,MovieInformation,http://www.ignyte.com/webservices/ignyte.whatsshowing.webservice/moviefunctions.asmx?wsdl
110.5,100,2.9,71,81.4,78,84,72.5,32,0.7034245133399963,2,Currencyws,http://glkev.webs.innerhost.com/glkev_ws/Currencyws.asmx?wsdl
99.0,100,11.7,67,84.7,78,84,92.5,7,0.7104278206825256,2,AgenteelCodigoPostalService,http://www.agenteel.com/CPdeMEX/AgenteelCP.wsdl
232.25,78,6.6,67,64.0,89,84,144.25,91,0.7550899386405945,2,Hill,http://www.quisque.com/fr/chasses/crypto/hill.asmx?wsdl
154.66,63,6.9,50,76.8,100,84,152.33,89,0.7674479484558105,2,GHNSService,http://ghns.freedesktop.org/spec/dxs.wsdl
222.0,100,6.0,67,60.0,78,80,155.0,90,0.7476294040679932,2,OFACSDN,http://www.webservicex.net/OFACSDN.asmx?wsdl
215.0,86,5.1,57,66.7,78,84,115.5,97,0.7226689457893372,2,Shakespeare,http://www.xmlme.com/WSShakespeare.asmx?wsdl
120.33,100,0.4,75,72.9,78,80,119.33,64,0.7213916182518005,2,DOTSYellowPages,http://ws2.serviceobjects.net/yp/YellowPages.asmx?wsdl
3203.0,100,0.1,95,57.1,78,82,109.0,91,0.7285520434379578,2,GBNIRHolidayDates,http://www.holidaywebservice.com/Holidays/GBNIR/Dates/GBNIRHolidayDates.asmx?wsdl
624.75,100,0.2,88,69.6,78,80,161.0,90,0.7520049214363098,2,DOTSGeoCoder,http://ws2.serviceobjects.net/gcr/GeoCoder.asmx?wsdl
189.0,100,2.2,67,62.2,78,84,147.0,89,0.7350099086761475,2,BarCode,http://www.webservicex.net/genericbarcode.asmx?wsdl
213.25,78,5.8,67,56.5,89,84,138.25,94,0.7471969127655029,2,CEqImage,http://www.quisque.com/fr/techno/eqimage/eqimage.asmx?wsdl
131.3,61,8.1,48,78.4,67,84,84.65,94,0.6435904502868652,3,DemographixQuery,http://ws.cdyne.com/DemographixWS/DemographixQuery.asmx?wsdl
134.0,100,9.9,67,61.2,89,65,68.0,38,0.7535788416862488,2,Statistics,http://www.strikeiron.com/scripts/statistics.asmx?wsdl
131.0,80,1.6,56,65.9,78,72,31.5,41,0.6384860277175903,3,PhoneVerify,http://ws.cdyne.com/phoneverify/phoneverify.asmx?wsdl
130.0,86,14.7,71,82.0,89,84,128.0,11,0.7416862845420837,2,DealerContactService,http://www.selectrucks.com/DealerContactService.asmx?wsdl
275.2,100,1.6,80,64.0,78,83,241.4,90,0.7461732029914856,2,FedACH,http://www.webservicex.net/FedACH.asmx?wsdl
218.0,100,0.1,90,57.1,78,74,218.0,95,0.7474044561386108,2,XigniteFutures,http://preview.xignite.com/xFutures.asmx?wsdl
97.5,86,8.1,57,79.3,78,84,97.5,38,0.6869896054267883,3,ElectronicProductsFinder,http://www.xmlme.com/WSElectronics.asmx?wsdl
213.0,83,20.4,50,77.2,78,91,210.0,42,0.721717894077301,2,credit,http://www.cc.jyu.fi/~rissepp/files/credit.wsdl
179.5,74,2.5,64,68.6,89,80,141.0,92,0.7356415390968323,2,CSearch,http://www.quisque.com/fr/chasses/blasons/search.asmx?wsdl
322.0,100,19.3,67,80.3,100,84,321.0,5,0.81638503074646,1,eSynapsFeed,http://www.esynaps.com/WebServices/eSynapsFeed.asmx?wsdl
160.75,100,6.1,89,62.3,100,84,94.0,8,0.771506130695343,2,NumPager,http://ws.acrosscommunications.com/NumPager.asmx?wsdl
104.0,86,8.5,57,82.2,78,84,103.0,34,0.6874164938926697,3,DotnetDailyFact,http://www.xmlme.com/WSDailyNet.asmx?wsdl
443.89,100,8.2,86,45.7,78,77,443.67,91,0.7553702592849731,2,XigniteMetals,http://www.xignite.com/xMetals.asmx?wsdl
581.0,97,17.5,83,80.5,100,84,581.0,7,0.817318856716156,1,WebSearchWS,http://www.esynaps.com/WebServices/SearchWS.asmx?wsdl
395.0,98,17.0,83,73.2,100,84,386.0,8,0.8124223947525024,1,eSynapsSerach,http://www.esynaps.com/WebServices/eSynapsSearch.asmx?wsdl
110.18,100,7.6,95,91.8,78,58,109.21,6,0.7259954810142517,2,Service1,http://www.linricsoftware.com/psychlib/PsyCalcWS.wsdl
119.33,88,2.9,62,76.5,78,80,65.0,42,0.6769258379936218,3,HistoricalStockQuotes,http://glkev.webs.innerhost.com/glkev_ws/HistoricalStockQuotes.asmx?wsdl
174.71,100,2.5,92,73.4,100,84,104.57,9,0.7736499309539795,2,ICQ,http://ws.acrosscommunications.com/ICQ.asmx?wsdl
405.0,100,16.1,83,69.8,100,84,405.0,12,0.8133383989334106,1,FileTransferIn,http://www.gregsy.com/FileTransfer.asmx?wsdl
196.0,100,15.7,83,57.2,100,84,162.0,3,0.7909706234931946,2,WhoIsService,http://www.esynaps.com/WebServices/WhoIsService.asmx?wsdl
81.08,43,10.1,51,97.3,100,89,64.96,3,0.674294650554657,3,DaveApiWebService,http://dave.tv/daveapiwebservice.asmx?wsdl
194.66,100,7.3,88,56.3,100,83,83.33,9,0.7694495320320129,2,WSLinkChecker,http://www.costudio.com/WSLinkChecker.asmx?wsdl
261.0,100,1.8,71,58.1,78,80,229.5,94,0.7369699478149414,2,WeatherForecast,http://www.webservicex.net/WeatherForecast.asmx?wsdl
194.75,100,13.4,89,57.6,100,77,172.25,10,0.7952813506126404,2,FindAddressService,http://rep.oio.dk/Altforintet_dk/findaddressservice.wsdl
820.0,100,7.7,78,51.5,78,77,351.0,93,0.7528284788131714,2,XigniteOptions,http://www.xignite.com/xoptions.asmx?wsdl
183.77,55,6.1,54,71.4,89,71,76.4,91,0.7050688862800598,2,MessageService,http://www.fmnsoft.com/MessageService.asmx?wsdl
615.0,100,7.8,88,48.5,100,84,599.33,58,0.8092842102050781,1,FindAircraftWebService,http://www.aircraftid.com/FindAircraft.wso?WSDL
972.4,100,6.3,80,59.1,78,84,966.8,86,0.7471222281455994,2,ICD9,http://www.webservicex.com/icd9.asmx?wsdl
362.5,100,12.3,71,62.4,89,75,351.0,57,0.7846363186836243,2,BFOGraphService,http://bfo.co.uk/products/graph/docs/bfograph-2.1.wsdl
301.0,100,1.3,80,55.0,78,80,273.0,92,0.7370492219924927,2,GenericUNSPSC,http://www.webservicex.net/GenericUNSPSC.asmx?wsdl
311.73,100,6.2,88,43.4,78,72,308.91,89,0.7463796138763428,2,XigniteHoldings,http://www.xignite.com/xHoldings.asmx?wsdl
160.0,100,2.2,71,73.3,78,84,74.0,32,0.6916544437408447,3,WeatherFetcher,http://glkev.webs.innerhost.com/glkev_ws/WeatherFetcher.asmx?wsdl
123.0,86,9.3,57,79.9,78,84,121.5,37,0.6908395290374756,3,XmlDailyFact,http://www.xmlme.com/WSDailyXml.asmx?wsdl
65.0,100,1.2,57,75.9,78,75,65.0,9,0.6552632451057434,3,SRWSampleService,http://www.library.utoronto.ca/unicorn.wsdl
165.0,100,11.8,95,53.2,100,75,160.64,6,0.7857877612113953,2,productPortalWS,http://ce.vtt.fi/eprocon_client/BC.wsdl
351.09,100,6.6,88,50.6,78,77,350.45,76,0.7417729496955872,2,XigniteEmerging,http://www.xignite.com/xEmerging.asmx?wsdl
222.0,100,8.9,67,65.8,78,87,123.0,40,0.7128288745880127,2,cCourtsIS,http://www.courts.state.mn.us/documents/0/Public/Integration_Services/SoapServices/CourtsIS_02/CaseSearchByParty_3_1.wsdl
362.0,100,10.5,78,72.7,89,91,300.5,23,0.7599759697914124,2,MBSoapService,http://staff.um.edu.mt/cabe2/supervising/undergraduate/owlseditFYP/MBWSSoapServices.wsdl
110.0,86,6.5,57,75.9,78,84,105.0,38,0.6771912574768066,3,VideoGamesFinder,http://www.xmlme.com/WSVideoGames.asmx?wsdl
179.2,100,0.7,90,65.0,100,69,127.2,36,0.7840405702590942,2,SMS,http://www.abctext.com/webservices/SMS.asmx?wsdl
155.0,100,14.2,62,73.1,78,88,144.33,12,0.707456111907959,2,acromine,http://www.nactem.ac.uk/software/acromine/acromine.wsdl
958.0,100,4.8,71,60.4,78,84,909.0,92,0.741650402545929,2,ICD10,http://www.webservicex.com/icd10.asmx?wsdl
387.55,100,5.4,92,37.6,78,74,387.2,90,0.7408148050308228,2,XigniteSecurity,http://www.xignite.com/xsecurity.asmx?wsdl
123.5,60,8.1,48,78.6,67,80,41.0,36,0.5816218256950378,4,DelayedStockQuote,http://ws.cdyne.com/delayedstockquote/delayedstockquote.asmx?wsdl
100.0,86,12.3,57,80.4,78,80,96.5,10,0.6747227311134338,3,SiteSearchService,http://ojor.com/SiteSearch.asmx?wsdl
293.0,100,14.2,86,55.4,100,84,292.0,11,0.7932433485984802,2,HashClass,http://www.bs-byg.dk/hashclass.wsdl
104.67,100,8.5,62,80.6,78,84,98.67,2,0.6843736171722412,3,GoogleSearchService,http://www.dankohn.com/mt/lib/MT/GoogleSearch.wsdl
180.0,83,20.3,50,78.4,89,91,179.0,7,0.7298515439033508,2,OclService,http://monarch.fokus.fraunhofer.de:8080/WebOSLO/wsdl/Ocl.wsdl
891.66,100,7.5,75,48.3,78,77,419.33,92,0.7442331910133362,2,XigniteHousing,http://www.xignite.com/xhousing.asmx?wsdl
411.67,100,4.3,75,51.1,78,80,350.0,89,0.7355568408966064,2,FedWire,http://www.webservicex.net/FedWire.asmx?wsdl
115.0,86,6.6,57,76.6,78,84,112.5,37,0.6772269010543823,3,SportingGoodsFinder,http://www.xmlme.com/WSSportingGoods.asmx?wsdl
336.33,91,8.8,82,44.2,100,80,330.83,58,0.7881073951721191,2,AddressManager,http://www.arcwebservices.com/services/v2006/AddressManager.wsdl
224.0,100,15.2,83,53.0,100,84,223.0,3,0.7841241955757141,2,NFLNews,http://www.esynaps.com/WebServices/NFLNews.asmx?wsdl
307.5,100,0.7,71,58.4,78,77,307.0,94,0.7326013445854187,2,Xignite13F,http://www.xignite.com/x13f.asmx?wsdl
664.0,84,13.6,50,71.5,89,91,648.0,62,0.7517083287239075,2,finnwordsService,http://www.nickhodge.com/nhodge/finnwords/finnwords.wsdl
173.5,86,12.2,71,84.6,89,87,173.0,3,0.7263873815536499,2,Testimonials,https://www.closingstream.com/Testimonials.asmx?wsdl
30781.0,95,0.1,97,57.1,89,75,30781.0,90,0.4735255837440491,4,VRAPI,http://www.verticalresponse.com/images/API/VRAPI.wsdl
4067.0,100,4.3,67,65.1,78,84,4045.0,92,0.7099724411964417,2,ISBN,http://www.webservicex.com/isbn.asmx?wsdl
195.5,89,10.7,67,43.7,78,89,194.75,61,0.6955361366271973,3,CalcService,http://services.roesweb.nl/Calc.wsdl
108.66,96,2.4,50,82.4,89,91,93.33,11,0.6978710889816284,3,MummerService,http://staff.vbi.vt.edu/pathport/services/wsdls/mummer.wsdl
786.27,100,1.0,95,17.6,78,82,105.21,89,0.7025470733642578,2,GBEAWHolidayDates,http://www.holidaywebservice.com/Holidays/GBEAW/Dates/GBEAWHolidayDates.asmx?wsdl
263.62,70,4.1,62,47.4,89,80,133.12,96,0.7125356197357178,2,Cesar,http://www.quisque.com/fr/chasses/crypto/cesar.asmx?wsdl
262.34,100,6.1,90,16.1,78,77,262.07,88,0.7174533009529114,2,EndOfDay,http://ws.eoddata.com/EndOfDay.asmx?wsdl
468.0,83,10.6,67,63.2,100,75,461.0,56,0.7832760214805603,2,SMART,http://smart.embl-heidelberg.de/webservice/SMART_webservice.wsdl
2007.5,100,3.7,71,59.7,78,84,1981.0,86,0.7198582887649536,2,ICD9ToICD10,http://www.webservicex.com/icd9toicd10.asmx?wsdl
977.0,100,13.7,83,74.8,100,84,955.0,1,0.7926576137542725,2,engtoarabic,http://www.closerfar.com/engtoarabic.asmx?wsdl
101.0,100,1.3,67,65.1,78,84,67.0,7,0.6502436995506287,3,FraudLabsWebService,http://ws.fraudlabs.com/ws.fraudlabs.com_non_ssl/fraudlabswebservice.asmx?wsdl
278.67,74,3.4,64,43.4,89,80,137.5,94,0.713008463382721,2,Vigenere1,http://www.quisque.com/fr/chasses/crypto/vigenere1.asmx?wsdl
9352.66,79,0.9,75,64.7,89,88,9344.33,94,0.6543260216712952,3,cdxSecurity,https://naas.epacdxnode.net/xml/auth.wsdl
217.67,96,7.1,88,55.9,100,80,150.0,11,0.7620537281036377,2,YourHost,http://www.esynaps.com/webservices/YourHostInfo.asmx?wsdl
1653.0,100,4.6,67,51.4,78,84,1609.0,93,0.721635103225708,2,LondonGoldAndSilverFix,http://www.webservicex.net/LondonGoldFix.asmx?wsdl
1226.0,100,3.2,71,53.3,78,84,1181.0,90,0.7231295704841614,2,EMBLNucleotideSequenceWebService,http://www.webservicex.com/EMBLNucleotideSequenceWebService.asmx?wsdl
530.37,100,1.5,93,13.0,78,82,126.54,89,0.6992566585540771,3,USHolidayDates,http://www.holidaywebservice.com/Holidays/US/Dates/USHolidayDates.asmx?wsdl
574.88,97,1.9,90,42.6,78,69,541.38,95,0.728934645652771,2,XigniteInsider,http://www.xignite.com/xInsider.asmx?wsdl
146.0,100,2.5,67,63.3,78,84,145.0,39,0.6855341792106628,3,TranslateService,http://www.webservicex.com/TranslateService.asmx?wsdl
208.5,100,0.7,78,63.2,78,84,101.0,34,0.6827980875968933,3,airport,http://www.webservicex.com/airport.asmx?wsdl
383.95,100,2.4,92,29.4,78,74,370.25,90,0.7207419276237488,2,XigniteHistorical,http://www.xignite.com/xHistorical.asmx?wsdl
1075.33,100,1.2,75,50.0,78,84,1014.0,92,0.7191912531852722,2,HCPCS,http://www.webservicex.com/hcpcs.asmx?wsdl
172.0,100,2.4,71,66.5,78,84,171.0,39,0.6918619275093079,3,GeoIPService,http://www.webservicex.com/geoipservice.asmx?wsdl
157.5,86,12.2,71,69.7,89,84,153.5,2,0.7092887163162231,2,EmailSignupService,http://www.selectrucks.com/EmailSignupService.asmx?wsdl
437.62,70,1.0,49,68.4,78,69,64.05,93,0.6651649475097656,3,PhoneNotify,http://ws.cdyne.com/NotifyWS/phonenotify.asmx?wsdl
130.0,83,10.0,50,80.7,89,82,124.0,12,0.6995499730110168,3,QueryWebserviceService,http://www.geocodeamerica.com/query_webservice/service.wsdl
114.73,59,10.7,56,94.4,89,84,111.5,4,0.6666790246963501,3,BioPluginService,http://www.complysoft.com/bioplugin.asmx?wsdl
631.0,100,10.0,67,77.1,78,84,531.0,36,0.7209662795066833,2,QuoteofTheDay,http://www.swanandmokashi.com/HomePage/WebServices/QuoteOfTheDay.asmx?wsdl
403.66,100,5.7,90,19.5,78,74,402.73,89,0.719279408454895,2,XigniteFunds,http://www.xignite.com/xFunds.asmx?wsdl
498.2,93,5.8,80,23.9,78,80,381.1,96,0.708667516708374,2,TranspDemoWS,http://transportal.russia.webmatrixhosting.net/WebServices/TranspDemoWS.asmx?wsdl
999.71,99,0.8,94,38.5,78,74,837.41,93,0.7218778133392334,2,XigniteQuotes,http://www.xignite.com/xQuotes.asmx?wsdl
1709.933,100,0.6,75,52.2,78,80,1708.033,95,0.7158556580543518,2,GenericNAICS,http://www.webservicex.net/GenericNAICS.asmx?wsdl
152.0,83,12.4,33,97.7,78,93,146.0,10,0.6666269302368164,3,ActOperacReaV1Service,https://www3.aeat.es/ADUA/internet/es/aeat/dit/adu/reaimp/ActOperacReaV1.wsdl
181.0,83,18.1,50,71.4,89,84,179.0,7,0.7139884829521179,2,huzipService,http://www.c6.hu/ws/huzip.wsdl
116.75,57,2.7,44,74.2,100,75,116.0,59,0.7009501457214355,2,Shopping,http://developer.ebay.com/webservices/latest/ShoppingService.wsdl
65.34,40,2.1,14,87.5,78,78,63.56,60,0.5683988928794861,4,replicaCatalogService,http://lqcd.jlab.org/wsdl/replica.wsdl
308.0,100,4.2,82,90.3,78,86,305.69,8,0.700429379940033,2,SoapServer,http://telemed.vetpacs.com/soap3/soapserver.wsdl
427.91,100,3.8,88,19.6,78,77,425.73,89,0.7103002071380615,2,XigniteReleases,http://www.xignite.com/xreleases.asmx?wsdl
409.0,100,8.2,67,67.6,78,84,409.0,39,0.7088890671730042,2,StockQuote,http://www.webservicex.com/stockquote.asmx?wsdl
437.4,100,1.4,90,20.0,78,74,432.6,96,0.7107008099555969,2,XigniteVWAP,http://www.xignite.com/xVWAP.asmx?wsdl
553.65,100,1.1,93,26.2,78,74,376.17,88,0.7100529670715332,2,XigniteRealTime,http://www.xignite.com/xrealtime.asmx?wsdl
483.25,92,4.9,77,23.8,78,83,415.25,91,0.6953725814819336,3,ExchangeRates,http://webservices.lb.lt/ExchangeRates/ExchangeRates.asmx?wsdl
373.53,100,8.1,89,27.7,78,74,373.38,61,0.7074561715126038,2,XigniteExchanges,http://www.xignite.com/xExchanges.asmx?wsdl
151.33,63,18.1,38,82.6,89,91,151.0,2,0.6713041067123413,3,BlogBrowserService,http://service.flamelab.de/BlogBrowser/soap/blogbrowser.wsdl
384.67,100,9.1,88,49.6,100,84,383.67,4,0.7613666653633118,2,calculateplus,http://web3.giti.nectec.or.th/webserv/calculateplus.asmx?wsdl
431.46,95,1.6,85,23.1,78,74,425.73,96,0.7006577253341675,2,XigniteFundData,http://www.xignite.com/xfunddata.asmx?wsdl
234.5,86,13.3,43,70.3,67,84,162.0,40,0.6420953273773193,3,SearchService,http://www.francisshanahan.com/searchservice.asmx?wsdl
150.87,70,5.5,62,77.9,89,84,113.12,13,0.6653449535369873,3,Calculator,http://www.dneonline.com/calculator.asmx?wsdl
946.45,99,0.7,94,12.6,78,79,500.25,95,0.6969261765480042,3,XigniteChart,http://www.xignite.com/xChart.asmx?wsdl
258.5,100,10.2,92,24.8,78,77,251.5,36,0.6899057626724243,3,V30,http://cpdirect.centerpost.com/V30.wsdl
197.5,86,6.0,71,68.5,89,84,136.5,7,0.6897931098937988,3,AuriaInterfaceService,http://www.thejewellerychannel.tv/AuriaInterfaceService.asmx?wsdl
150.0,72,18.9,29,77.0,78,95,141.5,4,0.6369543671607971,3,marketService,http://www.pjm.com/etools/downloads/emkt/pjm_emkt.wsdl
298.0,83,15.7,50,76.3,89,82,278.0,11,0.7133978009223938,2,BisqwitAjaxSoapDemoService,http://bisqwit.iki.fi/jutut/kuvat/ajaxsoapdemo/demo.wsdl
232.0,100,0.6,78,56.5,78,84,202.75,36,0.6766919493675232,3,BibleWebservice,http://www.webservicex.com/BibleWebservice.asmx?wsdl
431.0,83,19.8,50,81.6,89,75,430.0,7,0.7289354205131531,2,WSMambo,http://www.aduana.gov.py/mbadu/wservices/wsmambo.php?wsdl
393.0,100,8.3,86,45.6,100,84,392.5,7,0.7553163170814514,2,Service1,http://www.rcithailand.com/WebService1/Service1.asmx?wsdl
190.5,86,12.4,71,54.0,89,80,188.5,8,0.6988446116447449,3,WeatherService,http://asyncpostback.com/WeatherService.asmx?wsdl
742.0,100,7.4,67,67.4,78,84,677.0,36,0.6994274258613586,3,BarCode,http://www.webservicex.com/barcode.asmx?wsdl
307.0,100,5.6,89,44.9,100,80,212.5,7,0.748263955116272,2,dic2,http://www.closerfar.com/dic2.asmx?wsdl
104.34,64,4.6,50,82.1,100,80,101.67,3,0.6775179505348206,3,WS4lsqlService,http://slashdemocracy.org/links/ws4gotze.wsdl
1292.0,100,9.3,67,65.0,78,84,1249.0,36,0.6982967853546143,3,ValidateEmail,http://www.webservicex.com/ValidateEmail.asmx?wsdl
1722.0,73,3.7,71,61.9,89,91,1526.5,63,0.6917413473129272,3,GetNodes,http://www-iepm.slac.stanford.edu/tools/soap/wsdl/get_nodes.wsdl
544.0,100,4.7,67,70.5,78,80,492.0,40,0.6988191604614258,3,StockQuotes,http://www.swanandmokashi.com/HomePage/WebServices/StockQuotes.asmx?wsdl
276.5,86,10.5,71,65.3,89,84,176.5,2,0.6972784399986267,3,ContentService,http://www.webgensol.com/ContentService.asmx?wsdl
1308.0,100,6.3,67,67.0,78,84,1307.0,41,0.6941477656364441,3,SendSMS,http://www.webservicex.com/SendSMS.asmx?wsdl
391.8,98,2.8,52,80.9,89,80,388.0,35,0.7255297303199768,2,Photo_x0020_Catalog_x0020_Tag_x0020_Service,http://www.langlo.no/PhotoTagService.asmx?wsdl
198.5,78,8.1,67,66.3,89,84,137.75,7,0.6759505271911621,3,SetBoxPoses,http://www.ictjobmatch.nl/SetBoxPoses.asmx?wsdl
117.25,100,0.8,78,70.9,78,65,115.5,4,0.6608519554138184,3,DeadOrAlive,http://www.abundanttech.com/WebServices/DeadOrAlive/DeadOrAlive.asmx?wsdl
2874.5,75,0.3,78,45.7,78,84,2874.425,96,0.6501340270042419,3,MortgageIndex,http://www.webservicex.net/MortgageIndex.asmx?wsdl
176.56,52,1.1,49,75.3,67,79,137.72,86,0.5882843136787415,4,ws,http://www.selfsurveys.com/ws.asmx?wsdl
1044.0,100,7.1,67,60.9,78,84,991.0,40,0.6923025846481323,3,RSStoHTML,http://www.webservicex.com/RssToHTML.asmx?wsdl
164.75,79,1.7,44,66.8,67,84,65.75,39,0.5816701650619507,4,QueryDeathIndex,http://ws.cdyne.com/DeathIndex/QueryDeathIndex.asmx?wsdl
170.33,53,1.0,27,63.8,89,72,83.33,85,0.6440892219543457,3,Proximity,http://arcweb.esri.com/services/v2/Proximity.wsdl
516.75,100,0.5,78,63.8,78,87,501.5,34,0.679265022277832,3,NAICS,http://www.webservicex.com/NAICS.asmx?wsdl
183.5,86,13.3,43,75.4,67,84,105.5,3,0.6096431612968445,3,DNS,http://dotnetslackers.com/DNS.asmx?wsdl
227.57,63,6.6,57,61.9,89,87,131.88,33,0.6541136503219604,3,QuizService,http://csharp.hlrs.de/eAssessmentQuiz/QuizService.asmx?wsdl
197.0,80,0.9,56,66.1,78,80,106.5,40,0.6343453526496887,3,BusinessNews,http://glkev.webs.innerhost.com/glkev_ws/businessnews.asmx?wsdl
329.0,100,4.6,67,50.3,78,84,327.0,37,0.6753049492835999,3,CommuneInfoService,http://www.supplychainserver.com/webservices/CommuneInfoservice.asmx?wsdl
7170.79,85,0.6,89,32.0,78,77,7170.43,89,0.6150496006011963,3,MoralPolitics,http://www.moral-politics.com/xPolitics.asmx?wsdl
236.3,62,1.7,40,56.4,67,84,150.8,96,0.5918633937835693,4,TheHolyBible,http://www.francisshanahan.com/TheHolyBible.asmx?wsdl
593.17,64,5.2,59,70.2,89,77,536.17,61,0.6869742274284363,3,SendService,http://www.esendex.com/secure/messenger/soap/SendService.asmx?wsdl
79.28,44,4.0,25,84.1,89,89,76.14,9,0.5793488025665283,4,WMLS,http://www.witsml.org/schemas/120/WMLS.WSDL
333.0,84,10.6,50,78.0,89,80,331.0,11,0.6977274417877197,3,ExecutablePackage,http://www.l3s.de/~olmedilla/students/2006/ExecutablePackage.wsdl
3103.0,100,5.3,67,64.3,78,87,3103.0,33,0.6610268950462341,3,SendSMSWorld,http://www.webservicex.com/sendsmsworld.asmx?wsdl
724.0,92,0.9,75,31.6,89,58,464.57,88,0.7256295084953308,2,MFundsService,http://www.spk.gov.tr/webservices/MutualFundsPortfolioValues/MFundsService.wsdl
795.42,88,2.6,76,19.3,78,77,353.17,87,0.6671127080917358,3,XigniteMaster,http://www.xignite.com/xMaster.asmx?wsdl
278.5,86,8.0,71,66.3,89,80,263.0,2,0.6886916160583496,3,XILOUtility,https://www.webservicecentral.com/webservices/XILOServices/XILOUtility.wsdl
579.0,100,0.6,78,55.2,78,80,578.0,42,0.6779255270957947,3,USZip,http://www.webservicex.com/uszip.asmx?wsdl
197.75,100,0.5,78,60.7,78,84,197.25,8,0.6519688963890076,3,FinanceService,http://www.webservicex.com/FinanceService.asmx?wsdl
392.0,83,15.8,50,69.7,78,89,390.0,6,0.6570283770561218,3,iifws,http://inkostar.com/wsdl/iifws/iifws.WSDL
111.0,84,4.1,50,64.6,78,84,110.0,5,0.6114624738693237,3,Ip2LocationWebService,http://ws.ip2location.com/ws.ip2location.com_non_ssl/ip2locationwebservice.asmx?wsdl
14142.67,90,0.6,62,46.2,78,80,14028.0,87,0.544942319393158,4,MediCareSupplier,http://www.webservicex.net/medicareSupplier.asmx?wsdl
1037.33,100,2.0,75,59.2,78,84,1004.0,35,0.6731141805648804,3,ABA,http://www.webservicex.com/aba.asmx?wsdl
460.47,100,4.9,92,36.2,78,69,337.58,33,0.6777470707893372,3,XigniteEdgar,http://www.xignite.com/xEdgar.asmx?wsdl
1463.5,100,2.4,71,53.5,78,84,1410.5,42,0.6679878234863281,3,GlobalWeather,http://www.webservicex.com/globalweather.asmx?wsdl
677.69,100,0.8,64,22.5,78,74,448.26,87,0.677575945854187,3,RealTimeQuotes,http://preview.xignite.com/xrealtime.asmx?wsdl
133.0,83,1.4,50,64.7,89,82,123.0,10,0.6478445529937744,3,PhoneService,http://teleauth.com/phone/service.wsdl
396.0,86,10.6,71,60.2,89,80,387.0,1,0.6895248293876648,3,countries,http://www.destinationrussia.com/countries.asmx?wsdl
1075.5,100,2.2,71,58.7,78,84,1057.0,35,0.6694015860557556,3,UDDIBusinessFinder,http://www.webservicex.com/UDDIBusinessFinder.asmx?wsdl
218.6,100,5.5,70,42.5,78,87,183.4,8,0.6438079476356506,3,AgenteelCodigoPostalService,http://agenteel.net/wsdl/AgenteelCPL.wsdl
182.68,54,5.5,49,41.0,67,75,151.71,90,0.5754132866859436,4,CyberWebNW2,http://www.floricolturalari.com/cyberWeb.asmx?wsdl
193.69,54,6.4,49,35.3,67,75,159.6,94,0.5766382813453674,4,CyberWebNW2,http://www.nadirmood.com/cyberWeb.asmx?wsdl
200.33,63,10.6,50,74.7,100,69,196.33,9,0.6952159404754639,3,RetsinfoService,http://rep.oio.dk/retsinfo.dk/xml/wsdl/2005/08/04/Retsinfo_resolved.wsdl
242.75,78,7.1,44,58.0,67,84,124.0,38,0.5885538458824158,4,InstantOrder,http://www.personalrobotllc.com/InstantOrder.asmx?wsdl
450.5,86,7.9,71,54.3,89,80,378.5,12,0.6841298937797546,3,LocationService,http://www.thelockup.com/LocationService.asmx?wsdl
23365.0,99,0.9,67,63.3,78,84,23341.0,41,0.4455887973308563,4,Braille,http://www.webservicex.net/braille.asmx?wsdl
784.0,100,7.2,78,44.8,78,89,769.5,10,0.6559380292892456,3,WikiWebService,http://fox.wikis.com/wikiwebservice.wsdl
693.0,86,5.2,71,57.1,100,84,447.0,5,0.711296558380127,2,DailyDilbert,http://www.esynaps.com/WebServices/DailyDiblert.asmx?wsdl
132.13,85,3.0,62,45.9,78,83,131.25,12,0.6064661145210266,3,WSLahiTVImageService,http://130.188.225.9:8080/axis/imagewb.wsdl
1903.0,64,3.6,38,82.3,89,75,1899.33,67,0.6687582731246948,3,GeoCode_Service,http://geocoder.us/dist/eg/clients/GeoCoder.wsdl
2997.65,73,0.4,43,54.5,78,84,2997.65,92,0.6202971339225769,3,AustralianPostCode,http://www.webservicex.com/AustralianPostCode.asmx?wsdl
2997.65,73,0.4,43,54.5,78,84,2997.65,92,0.6202971339225769,3,AustralianPostCode,http://www.webservicex.com/AustralianPostCode.asmx?WSDL
424.0,60,4.8,57,19.4,89,74,335.44,93,0.6556459665298462,3,ContactService,http://www.fmnsoft.com/ContactService.asmx?wsdl
308.0,100,5.8,67,52.5,78,84,308.0,4,0.64802086353302,3,BNPriceWS,http://www.abundanttech.com/WebServices/bnprice/bnprice.asmx?wsdl
1438.75,100,0.7,78,39.8,78,84,1348.5,40,0.6510899662971497,3,periodictable,http://www.webservicex.com/periodictable.asmx?wsdl
298.0,78,5.9,67,48.3,89,84,144.75,4,0.6443138718605042,3,WebServices,http://www.globenetsolution.com/WebServices.asmx?wsdl
340.0,87,1.4,57,57.2,78,80,286.0,38,0.6375719308853149,3,CupScores,http://scores.serviceobjects.com/CupScores.asmx?wsdl
213.67,63,4.6,25,82.0,78,89,213.0,36,0.6002918481826782,3,OrderFulfillmentService,http://api.echo.nasa.gov/echo/wsdl/OrderFulfillmentInterface.wsdl
77.56,17,9.2,13,92.0,100,72,76.8,2,0.5796538591384888,4,XOA,http://xoa.xpedite.com/2004/11/xoa/XOA.wsdl
224.5,72,10.8,43,74.5,89,72,216.5,3,0.6576374769210815,3,RenderServiceSoap,http://www.isharemaps.com/on_demand/v2_1/renderservice.php?wsdl
529.0,100,2.9,90,19.9,78,69,433.5,39,0.6562298536300659,3,XigniteInvestorRelations,http://www.xignite.com/xInvestorRelations.asmx?wsdl
514.7,80,2.7,67,42.6,78,84,210.7,36,0.6184393763542175,3,country,http://www.webservicex.com/country.asmx?wsdl
2396.0,100,0.2,67,54.0,78,84,2393.0,32,0.6368237733840942,3,CurrencyConvertor,http://www.webservicex.com/CurrencyConvertor.asmx?wsdl
530.25,56,4.0,44,36.6,100,89,515.5,63,0.6629256010055542,3,Authentication,https://www.arcwebservices.com/services/v2006/Authentication.wsdl
164.43,66,2.1,58,63.6,89,75,157.86,12,0.6243714690208435,3,OnlineDataProvider,http://www.patria.cz/onlinedataprovider.asmx?wsdl
751.0,83,6.8,50,79.3,78,91,728.0,2,0.6261006593704224,3,SMSWS,http://smsinter.sina.com.cn/ws/smswebservice0101.wsdl
259.5,78,7.4,67,38.4,89,84,256.0,4,0.6389943361282349,3,HashClass,http://www.bs-byg.dk/hashclass.asmx?wsdl
291.07,25,5.2,19,53.6,89,84,238.19,95,0.5954641699790955,4,SendMessages,http://www.sms.mio.it/webservices/sendmessages.asmx?wsdl
274.0,86,5.6,57,48.6,78,87,155.5,1,0.6042959094047546,3,Puki,http://www.barnaland.is/dev/puki.asmx?wsdl
3316.2,89,0.2,50,62.2,78,84,465.04,40,0.6184718608856201,3,CurrencyConvertor,http://www.webservicex.net/CurrencyConvertor.asmx?wsdl
226.42,65,3.4,47,50.6,67,91,124.21,34,0.5394992232322693,4,Directory,http://ws.xwebservices.com/XWebACHDirectory/V1/XWebACHDirectory.wsdl
25921.0,97,0.8,50,66.9,78,84,25921.0,32,0.39516377449035645,4,fax,http://www.webservicex.com/fax.asmx?wsdl
281.07,68,2.0,51,8.7,78,82,250.73,87,0.5957603454589844,4,StockQuotes,http://www.gama-system.com/webservices/stockquotes.asmx?wsdl
248.67,88,1.4,62,50.8,78,83,198.0,9,0.6076255440711975,3,PopulationWS,http://www.abundanttech.com/WebServices/Population/population.asmx?wsdl
3112.66,99,2.6,75,50.5,78,89,3077.33,6,0.6127758026123047,3,tbapi,http://www.lokasoft.nl/uk/tbapi.wsdl
452.37,100,1.5,99,7.8,100,72,436.67,9,0.7015409469604492,2,eBayAPIInterfaceService,http://developer.ebay.com/webservices/393/ebaySvc.wsdl
4471.33,65,0.8,50,39.8,100,84,4469.0,64,0.6387009620666504,3,TMorse,http://www.regomnet.de/morse.asmx?wsdl
3051.5,86,2.8,71,65.2,89,80,3048.0,2,0.6400307416915894,3,WebServicef,http://www.qqhrgg.com/WebServicef.asmx?wsdl
787.21,52,1.7,42,22.5,89,80,231.07,93,0.6165767908096313,3,ZipCode,http://www.ripedev.com/webservices/ZipCode.asmx?wsdl
656.0,56,6.4,33,40.9,89,89,650.5,62,0.621347963809967,3,ApniUrdu,http://apniurdu.com/SOAP/Urdu2.wsdl
2049.5,63,0.4,38,50.7,89,91,2049.4,66,0.6178542375564575,3,compoundsearch_Service,http://cheminfo.informatics.indiana.edu/cicc/services/GnovaSearch.wsdl
326.56,84,6.2,77,15.9,89,89,303.92,5,0.6309847235679626,3,GusbrcrzService,http://staff.vbi.vt.edu/pathport/services/wsdls/gusbrcrz.wsdl
176.0,56,8.0,33,56.7,89,91,172.0,7,0.5920891165733337,4,CalPrzService,http://hjnobrega.no.sapo.pt/CalPrz.wsdl
1677.93,97,2.5,50,18.6,100,87,1675.16,38,0.6863113641738892,3,WebPlaceService,http://www.foodcandy.com/WebPlaceService.asmx?wsdl
720.73,100,1.6,97,5.9,89,89,703.42,5,0.6479057669639587,3,EFSnet2,https://testefsnet.concordebiz.com/efsnet2.wsdl
279.0,70,2.8,46,43.9,67,84,122.0,38,0.5428023934364319,4,ZipCodes,http://www.jasongaylord.com/webservices/zipcodes.asmx?wsdl
409.33,49,1.8,27,41.4,89,72,401.5,96,0.6235395669937134,3,ndfdXML,http://www.weather.gov/mdl/XML/Ccode_test/DWMLgen/wsdl/ndfdXML.wsdl
197.5,79,2.7,56,50.5,78,80,159.25,5,0.5854595303535461,4,Interpretenliste,http://www.jukebox.ch/Interpretenliste.asmx?wsdl
630.93,27,0.5,19,57.3,100,82,220.5,89,0.6207982301712036,3,CaribbeanT,http://www.regomnet.de/CaribbeanT.asmx?wsdl
2814.76,73,1.2,46,29.4,67,84,2231.38,89,0.5560298562049866,4,Xiaobao,http://www.wustnews.com/Xiaobao.asmx?wsdl
436.5,86,4.5,57,43.2,78,84,312.5,12,0.6041372418403625,3,SMS,http://www.barnaland.is/dev/sms.asmx?wsdl
241.98,56,3.5,50,62.6,78,77,105.34,10,0.5560628175735474,4,IV_WS,http://www.gami1986.com/IV_WS.asmx?wsdl
428.5,86,4.8,57,43.3,78,80,285.5,10,0.6034338474273682,3,PersonLookup,http://www.barnaland.is/dev/personlookup.asmx?wsdl
244.66,68,1.4,64,66.6,78,66,205.33,10,0.5880826711654663,4,DigirwsService,http://nbii.ornl.gov/ws/services/DiGIR?wsdl
203.0,66,1.1,38,45.6,89,89,120.67,10,0.5814294815063477,4,SQLDataSoap,http://soapclient.com/xml/SQLDataSoap.wsdl
557.0,100,4.8,94,11.2,89,58,322.37,5,0.6654719114303589,3,SearchDatabaseService,http://www.alcona.org/SearchDatabaseService.asmx?wsdl
422.33,63,8.4,38,50.1,89,93,418.0,9,0.6041816473007202,3,intBankValSOAP,http://www.unifiedsoftware.co.uk/BankValinternationalall.wsdl
141.66,26,9.2,10,87.6,78,86,135.33,12,0.5131663680076599,4,ChangeEvents,http://www.plcs.org/plcs_ws/ws/wsdl/ChangeEvents.wsdl
85.3,19,5.1,7,90.7,78,79,78.91,2,0.4749091565608978,4,AmazonSearchService,http://soap.amazon.com/schemas2/AmazonWebServices.wsdl
1389.5,72,3.7,43,51.4,78,84,1221.0,38,0.5878603458404541,4,GetCustomNews,http://www.xmlme.com/WSCustNews.asmx?wsdl
343.66,88,3.0,50,46.0,78,80,226.33,6,0.5941039323806763,4,SearchService,http://sirius.bn.pt/sirius/sirius2.exe/SearchService.wsdl
2794.0,83,0.7,50,72.9,78,91,2784.0,3,0.5766987204551697,4,Translator,http://62.58.16.230/TIETranslator/Translator.wsdl
1161.4,90,4.7,70,45.2,78,69,1145.4,9,0.6154540181159973,3,Schedule,http://webservices.aeroflot.ru/flightSearch.wsdl
239.38,63,8.0,57,19.1,89,80,181.94,12,0.5905976295471191,4,Service,http://www.measuresoft.net/XMLDaSampleServer/Service.asmx?wsdl
476.29,53,2.8,47,9.0,78,74,440.74,94,0.5712925791740417,4,XigniteCalendar,http://preview.xignite.com/xCalendar.asmx?wsdl
1221.75,77,3.4,67,43.8,89,80,1220.75,6,0.6203046441078186,3,AutoWebService,http://www.vietnamofficeexpress.com/AutoWebService.asmx?wsdl
370.71,60,4.2,51,64.1,78,77,221.98,7,0.5647125840187073,4,ListProvider,http://www.momjunction.com/ListProvider.asmx?wsdl
330.0,72,12.1,29,55.7,78,77,328.0,2,0.5843877792358398,4,TWSFissionDotNet,http://www.sidespace.com/ws/fission/fissiondotnet.php?wsdl
464.0,86,3.1,57,43.2,78,80,302.0,2,0.5883410573005676,4,Phonebook,http://www.barnaland.is/dev/phonebook.asmx?wsdl
316.5,72,5.6,43,55.5,89,62,312.0,9,0.6227942109107971,3,Service2,http://www.sxwmrs.com/Service_GetReports.asmx?wsdl
456.75,71,4.3,62,30.3,89,84,432.5,4,0.5984722971916199,4,InsoamWeb,http://www.insoam.com/InsoamWeb.asmx?wsdl
4054.12,76,0.3,62,51.1,78,62,410.09,32,0.5785532593727112,4,BioMedDictWebSvc,http://dictws.no-ip.info/webservices/biomeddict.asmx?wsdl
397.0,56,7.8,44,43.7,89,84,380.75,8,0.5856016278266907,4,NoteableEventsContent,http://www.note88.com/NoteableEventsContent.asmx?wsdl
124.15,31,2.8,11,83.6,78,89,121.15,4,0.4874480962753296,4,PeopleService,http://www.projectliberty.org/liberty/content/download/358/2587/file/liberty-idwsf-people-service-v1.0.wsdl
127.0,43,1.4,26,26.1,89,78,122.79,36,0.5329804420471191,4,csdb2_server,http://www.glyco.ac.ru/bcsdb/help/bcsdb.wsdl
326.16,74,2.3,45,49.4,67,83,171.83,2,0.5159751772880554,4,FindPeopleFree,http://www.findpeoplefree.co.uk/findpeoplefree.asmx?wsdl
2049.11,95,1.0,66,9.4,100,77,1417.34,4,0.6437272429466248,3,iLON100,http://www.pegel-mainz.de/WSDL/iLON100.WSDL
237.0,53,2.1,30,64.7,78,84,228.0,8,0.5273010730743408,4,Test,http://www.soaphub.org/wspolicy/Round3.wsdl
451.12,65,2.2,57,22.2,89,83,423.56,10,0.5719018578529358,4,service,https://www.localfsbonetwork.com/service.asmx?wsdl
424.54,59,4.3,51,11.9,78,80,381.27,34,0.533452033996582,4,emSoapService,https://www.emsoap.net/smsservice.asmx?wsdl
582.36,28,1.1,16,22.1,89,69,181.86,88,0.5401462316513062,4,MapImage,http://arcweb.esri.com/services/v2/MapImage.wsdl
450.25,56,6.0,33,40.2,78,88,440.5,7,0.5205538868904114,4,SyndicationService,http://www.douglasp.com/SyndicationService.asmx?wsdl
551.42,31,4.6,18,73.1,78,91,539.42,9,0.48976361751556396,4,BaseTypesInteropTests,http://www.whitemesa.net/wsdl/Round5BaseTypes.wsdl
1126.25,67,3.5,33,59.4,78,72,1107.0,1,0.5408263802528381,4,SaelService,http://www.xspan.org/interfaces/sael.wsdl
1075.67,46,4.1,27,36.2,89,93,1069.5,10,0.5242414474487305,4,BankValSOAP,http://www.unifiedservices.co.uk/BankValukall.wsdl
14910.0,56,0.5,30,59.1,89,75,14906.8,8,0.41648998856544495,4,VWSoapInteropServiceR2GroupB,http://www.cincomsmalltalk.com:8080/CincomSmalltalkWiki/DOWNLOAD/WebServices/vwInteropR2GroupB.wsdl
2612.23,56,2.4,23,37.1,78,80,2576.0,33,0.5003879070281982,4,MarketData,http://www.webservicex.net/RealTimeMarketData.asmx?wsdl
762.23,54,4.2,15,17.2,89,84,726.59,32,0.5354805588722229,4,WSMetalMaker,http://metalmaker.net/metalmaker.asmx?wsdl
313.11,20,6.0,10,19.0,88,66,312.82,57,0.49912381172180176,4,BPEL4PeopleService,http://xml.taid.holmes.at/ns/bpel4people/client.wsdl
529.55,21,6.0,12,18.9,78,74,522.05,58,0.462221622467041,4,OnlineMessenger,http://www.nims.nl/soap/oms.wsdl
393.57,45,2.0,25,33.4,89,75,375.43,1,0.507164716720581,4,ESVService,http://www.gnpcb.org/esv/share/soap/index.php?wsdl
194.73,26,4.3,10,30.8,78,82,192.2,7,0.4272022843360901,4,PingdomAPI,https://ws.pingdom.com/soap/PingdomAPI.wsdl
593.94,24,0.1,9,66.2,78,91,559.69,3,0.4371480941772461,4,ActivityService,http://www.springermiller.com/HTNG/SGI/Activity.wsdl
2987.9,56,0.2,17,38.8,78,82,2987.9,8,0.45883142948150635,4,EsfingeService,http://acdc.linguateca.pt/Esfinge/EsfingeWS.wsdl
274.5,37,1.0,18,24.8,89,69,257.5,6,0.47855913639068604,4,BINDService,http://seqhound.blueprint.org/wsdl/bind.wsdl
502.0,24,3.4,9,21.8,78,85,499.28,12,0.4113183617591858,4,sss_spreadshop_servicesService,http://www.spreadshirt.net/services.php?wsdl
256.31,14,1.0,10,13.0,100,75,237.62,1,0.4515979290008545,4,BFServiceV2,https://api.betfair.com/betex-api-public-ws/v2/BFService.wsdl
6962.85,28,0.5,21,30.0,78,69,6915.08,5,0.35545843839645386,4,SKOSThesaurusService,http://nbii-thesaurus.ornl.gov/ws/services/SKOSThesaurusService?wsdl
1680.16,16,2.0,7,12.5,89,72,1667.22,11,0.4088437259197235,4,sugarsoap,http://axonsolutions.com.au/sugarcrm/SugarSuite-3.5.1/soap.php?wsdl
